insert into app_user (id,first_name,last_name,password,username,created_at,updated_at) values (-1, 'Bengt-Lasse','Arngt','{bcrypt}$2a$10$7TDfja.Wlhyd1/mYnPm.xeL5ofAmCZF4YZ7T7FqerFBb/KA1l3Uym','lasse@arndt.de', CURRENT_TIMESTAMP(), CURRENT_TIMESTAMP());
insert into app_user (id,first_name,last_name,password,username,created_at,updated_at) values (-2, 'Robert','Peters','{bcrypt}$2a$10$7TDfja.Wlhyd1/mYnPm.xeL5ofAmCZF4YZ7T7FqerFBb/KA1l3Uym','robert@peters.de', CURRENT_TIMESTAMP(), CURRENT_TIMESTAMP());
insert into app_user (id,first_name,last_name,password,username,created_at,updated_at) values (-3, 'Sascha','Pererva','{bcrypt}$2a$10$7TDfja.Wlhyd1/mYnPm.xeL5ofAmCZF4YZ7T7FqerFBb/KA1l3Uym','sascha@pererva.de', CURRENT_TIMESTAMP(), CURRENT_TIMESTAMP());
insert into app_user (id,first_name,last_name,password,username,created_at,updated_at) values (-4, 'Felix','Plazek','{bcrypt}$2a$10$7TDfja.Wlhyd1/mYnPm.xeL5ofAmCZF4YZ7T7FqerFBb/KA1l3Uym','felix@plazek.de', CURRENT_TIMESTAMP(), CURRENT_TIMESTAMP());
insert into app_user (id,first_name,last_name,password,username,created_at,updated_at) values (-5, 'Stefan','Reichert','{bcrypt}$2a$10$7TDfja.Wlhyd1/mYnPm.xeL5ofAmCZF4YZ7T7FqerFBb/KA1l3Uym','stefan@reichert.de', CURRENT_TIMESTAMP(), CURRENT_TIMESTAMP());

insert into surveys (id,description,event_id,initiator_id,survey_status,title,created_at,updated_at) values (-1, 'Survey Description',NULL,-1,'OPEN','Test Survey Bengt-Lasse OPEN',CURRENT_TIMESTAMP(), CURRENT_TIMESTAMP());
insert into surveys (id,description,event_id,initiator_id,survey_status,title,created_at,updated_at) values (-2,'Test Survey Description',NULL,-1,'CLOSED','Test Survey Bengt-Lasse CLOSED', CURRENT_TIMESTAMP(), CURRENT_TIMESTAMP());
insert into surveys (id,description,event_id,initiator_id,survey_status,title,created_at,updated_at) values (-3,'Survey Description',NULL,-2,'OPEN','Test Survey Robert OPEN', CURRENT_TIMESTAMP(), CURRENT_TIMESTAMP());
insert into surveys (id,description,event_id,initiator_id,survey_status,title,created_at,updated_at) values (-4,'Test Survey Description',NULL,-2,'CLOSED','Test Survey Robert CLOSED',CURRENT_TIMESTAMP(), CURRENT_TIMESTAMP());
insert into surveys (id,description,event_id,initiator_id,survey_status,title,created_at,updated_at) values (-5,'Survey Description',NULL,-3,'OPEN','Test Survey Sascha OPEN',CURRENT_TIMESTAMP(), CURRENT_TIMESTAMP());
insert into surveys (id,description,event_id,initiator_id,survey_status,title,created_at,updated_at) values (-6,'Test Survey Description',NULL,-3,'CLOSED','Test Sascha CLOSED',CURRENT_TIMESTAMP(), CURRENT_TIMESTAMP());
insert into surveys (id,description,event_id,initiator_id,survey_status,title,created_at,updated_at) values (-7,'Survey Description',NULL,-4,'OPEN','Test Survey Felix OPEN',CURRENT_TIMESTAMP(), CURRENT_TIMESTAMP());
insert into surveys (id,description,event_id,initiator_id,survey_status,title,created_at,updated_at) values (-8,'Test Survey Description',NULL,-4,'CLOSED','Test Survey Felix CLOSED',CURRENT_TIMESTAMP(), CURRENT_TIMESTAMP());
insert into surveys (id,description,event_id,initiator_id,survey_status,title,created_at,updated_at) values (-9,'Survey Description',NULL,-5,'OPEN','Test Survey Stefan OPEN',CURRENT_TIMESTAMP(), CURRENT_TIMESTAMP());
insert into surveys (id,description,event_id,initiator_id,survey_status,title,created_at,updated_at) values (-10,'Test Survey Description',NULL,-5,'CLOSED','Test Survey Stefan CLOSED',CURRENT_TIMESTAMP(), CURRENT_TIMESTAMP());

insert into options (id,survey_id, date_time, created_at, updated_at) values (-1, -1,CURRENT_TIMESTAMP()+100, CURRENT_TIMESTAMP(), CURRENT_TIMESTAMP());
insert into options (id,survey_id, date_time, created_at, updated_at) values (-2, -1,CURRENT_TIMESTAMP()+101, CURRENT_TIMESTAMP(), CURRENT_TIMESTAMP());
insert into options (id,survey_id, date_time, created_at, updated_at) values (-3, -1,CURRENT_TIMESTAMP()+102, CURRENT_TIMESTAMP(), CURRENT_TIMESTAMP());
insert into options (id,survey_id, date_time, created_at, updated_at) values (-4, -1,CURRENT_TIMESTAMP()+103, CURRENT_TIMESTAMP(), CURRENT_TIMESTAMP());
insert into options (id,survey_id, date_time, created_at, updated_at) values (-5, -1,CURRENT_TIMESTAMP()+104, CURRENT_TIMESTAMP(), CURRENT_TIMESTAMP());
insert into options (id,survey_id, date_time, created_at, updated_at) values (-6, -2,CURRENT_TIMESTAMP()+105, CURRENT_TIMESTAMP(), CURRENT_TIMESTAMP());
insert into options (id,survey_id, date_time, created_at, updated_at) values (-7, -2,CURRENT_TIMESTAMP()+106, CURRENT_TIMESTAMP(), CURRENT_TIMESTAMP());
insert into options (id,survey_id, date_time, created_at, updated_at) values (-8, -2,CURRENT_TIMESTAMP()+107, CURRENT_TIMESTAMP(), CURRENT_TIMESTAMP());
insert into options (id,survey_id, date_time, created_at, updated_at) values (-9, -2,CURRENT_TIMESTAMP()+108, CURRENT_TIMESTAMP(), CURRENT_TIMESTAMP());
insert into options (id,survey_id, date_time, created_at, updated_at) values (-10, -3,CURRENT_TIMESTAMP()+109, CURRENT_TIMESTAMP(), CURRENT_TIMESTAMP());
insert into options (id,survey_id, date_time, created_at, updated_at) values (-11, -3,CURRENT_TIMESTAMP()+110, CURRENT_TIMESTAMP(), CURRENT_TIMESTAMP());
insert into options (id,survey_id, date_time, created_at, updated_at) values (-12, -3,CURRENT_TIMESTAMP()+111, CURRENT_TIMESTAMP(), CURRENT_TIMESTAMP());
insert into options (id,survey_id, date_time, created_at, updated_at) values (-13, -3,CURRENT_TIMESTAMP()+112, CURRENT_TIMESTAMP(), CURRENT_TIMESTAMP());
insert into options (id,survey_id, date_time, created_at, updated_at) values (-14, -3,CURRENT_TIMESTAMP()+113, CURRENT_TIMESTAMP(), CURRENT_TIMESTAMP());
insert into options (id,survey_id, date_time, created_at, updated_at) values (-15, -3,CURRENT_TIMESTAMP()+114, CURRENT_TIMESTAMP(), CURRENT_TIMESTAMP());
insert into options (id,survey_id, date_time, created_at, updated_at) values (-16, -4,CURRENT_TIMESTAMP()+115, CURRENT_TIMESTAMP(), CURRENT_TIMESTAMP());
insert into options (id,survey_id, date_time, created_at, updated_at) values (-17, -4,CURRENT_TIMESTAMP()+116, CURRENT_TIMESTAMP(), CURRENT_TIMESTAMP());
insert into options (id,survey_id, date_time, created_at, updated_at) values (-18, -4,CURRENT_TIMESTAMP()+117, CURRENT_TIMESTAMP(), CURRENT_TIMESTAMP());
insert into options (id,survey_id, date_time, created_at, updated_at) values (-19, -4,CURRENT_TIMESTAMP()+118, CURRENT_TIMESTAMP(), CURRENT_TIMESTAMP());
insert into options (id,survey_id, date_time, created_at, updated_at) values (-20, -4,CURRENT_TIMESTAMP()+119, CURRENT_TIMESTAMP(), CURRENT_TIMESTAMP());
insert into options (id,survey_id, date_time, created_at, updated_at) values (-21, -5,CURRENT_TIMESTAMP()+129, CURRENT_TIMESTAMP(), CURRENT_TIMESTAMP());
insert into options (id,survey_id, date_time, created_at, updated_at) values (-22, -5,CURRENT_TIMESTAMP()+130, CURRENT_TIMESTAMP(), CURRENT_TIMESTAMP());
insert into options (id,survey_id, date_time, created_at, updated_at) values (-23, -5,CURRENT_TIMESTAMP()+131, CURRENT_TIMESTAMP(), CURRENT_TIMESTAMP());
insert into options (id,survey_id, date_time, created_at, updated_at) values (-24, -5,CURRENT_TIMESTAMP()+132, CURRENT_TIMESTAMP(), CURRENT_TIMESTAMP());
insert into options (id,survey_id, date_time, created_at, updated_at) values (-25, -5,CURRENT_TIMESTAMP()+133, CURRENT_TIMESTAMP(), CURRENT_TIMESTAMP());
insert into options (id,survey_id, date_time, created_at, updated_at) values (-26, -6,CURRENT_TIMESTAMP()+134, CURRENT_TIMESTAMP(), CURRENT_TIMESTAMP());
insert into options (id,survey_id, date_time, created_at, updated_at) values (-27, -6,CURRENT_TIMESTAMP()+135, CURRENT_TIMESTAMP(), CURRENT_TIMESTAMP());
insert into options (id,survey_id, date_time, created_at, updated_at) values (-28, -6,CURRENT_TIMESTAMP()+136, CURRENT_TIMESTAMP(), CURRENT_TIMESTAMP());
insert into options (id,survey_id, date_time, created_at, updated_at) values (-29, -6,CURRENT_TIMESTAMP()+137, CURRENT_TIMESTAMP(), CURRENT_TIMESTAMP());
insert into options (id,survey_id, date_time, created_at, updated_at) values (-30, -6,CURRENT_TIMESTAMP()+138, CURRENT_TIMESTAMP(), CURRENT_TIMESTAMP());
insert into options (id,survey_id, date_time, created_at, updated_at) values (-31, -7,CURRENT_TIMESTAMP()+139, CURRENT_TIMESTAMP(), CURRENT_TIMESTAMP());
insert into options (id,survey_id, date_time, created_at, updated_at) values (-32, -7,CURRENT_TIMESTAMP()+140, CURRENT_TIMESTAMP(), CURRENT_TIMESTAMP());
insert into options (id,survey_id, date_time, created_at, updated_at) values (-33, -7,CURRENT_TIMESTAMP()+141, CURRENT_TIMESTAMP(), CURRENT_TIMESTAMP());
insert into options (id,survey_id, date_time, created_at, updated_at) values (-34, -7,CURRENT_TIMESTAMP()+142, CURRENT_TIMESTAMP(), CURRENT_TIMESTAMP());
insert into options (id,survey_id, date_time, created_at, updated_at) values (-35, -7,CURRENT_TIMESTAMP()+143, CURRENT_TIMESTAMP(), CURRENT_TIMESTAMP());
insert into options (id,survey_id, date_time, created_at, updated_at) values (-36, -8,CURRENT_TIMESTAMP()+144, CURRENT_TIMESTAMP(), CURRENT_TIMESTAMP());
insert into options (id,survey_id, date_time, created_at, updated_at) values (-37, -8,CURRENT_TIMESTAMP()+145, CURRENT_TIMESTAMP(), CURRENT_TIMESTAMP());
insert into options (id,survey_id, date_time, created_at, updated_at) values (-38, -8,CURRENT_TIMESTAMP()+146, CURRENT_TIMESTAMP(), CURRENT_TIMESTAMP());
insert into options (id,survey_id, date_time, created_at, updated_at) values (-39, -8,CURRENT_TIMESTAMP()+147, CURRENT_TIMESTAMP(), CURRENT_TIMESTAMP());
insert into options (id,survey_id, date_time, created_at, updated_at) values (-40, -8,CURRENT_TIMESTAMP()+148, CURRENT_TIMESTAMP(), CURRENT_TIMESTAMP());
insert into options (id,survey_id, date_time, created_at, updated_at) values (-41, -9,CURRENT_TIMESTAMP()+149, CURRENT_TIMESTAMP(), CURRENT_TIMESTAMP());
insert into options (id,survey_id, date_time, created_at, updated_at) values (-42, -9,CURRENT_TIMESTAMP()+150, CURRENT_TIMESTAMP(), CURRENT_TIMESTAMP());
insert into options (id,survey_id, date_time, created_at, updated_at) values (-43, -9,CURRENT_TIMESTAMP()+151, CURRENT_TIMESTAMP(), CURRENT_TIMESTAMP());
insert into options (id,survey_id, date_time, created_at, updated_at) values (-44, -9,CURRENT_TIMESTAMP()+152, CURRENT_TIMESTAMP(), CURRENT_TIMESTAMP());
insert into options (id,survey_id, date_time, created_at, updated_at) values (-45, -9,CURRENT_TIMESTAMP()+153, CURRENT_TIMESTAMP(), CURRENT_TIMESTAMP());
insert into options (id,survey_id, date_time, created_at, updated_at) values (-46, -10,CURRENT_TIMESTAMP()+154, CURRENT_TIMESTAMP(), CURRENT_TIMESTAMP());
insert into options (id,survey_id, date_time, created_at, updated_at) values (-47, -10,CURRENT_TIMESTAMP()+155, CURRENT_TIMESTAMP(), CURRENT_TIMESTAMP());
insert into options (id,survey_id, date_time, created_at, updated_at) values (-48, -10,CURRENT_TIMESTAMP()+156, CURRENT_TIMESTAMP(), CURRENT_TIMESTAMP());
insert into options (id,survey_id, date_time, created_at, updated_at) values (-49, -10,CURRENT_TIMESTAMP()+157, CURRENT_TIMESTAMP(), CURRENT_TIMESTAMP());
insert into options (id,survey_id, date_time, created_at, updated_at) values (-50, -10,CURRENT_TIMESTAMP()+158, CURRENT_TIMESTAMP(), CURRENT_TIMESTAMP());

insert into participations (id, created_at, updated_at, survey_id, user_id) values (-1, CURRENT_TIMESTAMP(), CURRENT_TIMESTAMP(), -1, -2);
insert into participations (id, created_at, updated_at, survey_id, user_id) values (-2, CURRENT_TIMESTAMP(), CURRENT_TIMESTAMP(), -1, -3);
insert into participations (id, created_at, updated_at, survey_id, user_id) values (-3, CURRENT_TIMESTAMP(), CURRENT_TIMESTAMP(), -2, -4);
insert into participations (id, created_at, updated_at, survey_id, user_id) values (-4, CURRENT_TIMESTAMP(), CURRENT_TIMESTAMP(), -2, -5);
insert into participations (id, created_at, updated_at, survey_id, user_id) values (-5, CURRENT_TIMESTAMP(), CURRENT_TIMESTAMP(), -3, -1);
insert into participations (id, created_at, updated_at, survey_id, user_id) values (-6, CURRENT_TIMESTAMP(), CURRENT_TIMESTAMP(), -3, -3);
insert into participations (id, created_at, updated_at, survey_id, user_id) values (-7, CURRENT_TIMESTAMP(), CURRENT_TIMESTAMP(), -4, -4);
insert into participations (id, created_at, updated_at, survey_id, user_id) values (-8, CURRENT_TIMESTAMP(), CURRENT_TIMESTAMP(), -4, -5);
insert into participations (id, created_at, updated_at, survey_id, user_id) values (-9, CURRENT_TIMESTAMP(), CURRENT_TIMESTAMP(), -5, -1);
insert into participations (id, created_at, updated_at, survey_id, user_id) values (-10, CURRENT_TIMESTAMP(), CURRENT_TIMESTAMP(), -5, -2);
insert into participations (id, created_at, updated_at, survey_id, user_id) values (-11, CURRENT_TIMESTAMP(), CURRENT_TIMESTAMP(), -6, -4);
insert into participations (id, created_at, updated_at, survey_id, user_id) values (-12, CURRENT_TIMESTAMP(), CURRENT_TIMESTAMP(), -6, -5);
insert into participations (id, created_at, updated_at, survey_id, user_id) values (-13, CURRENT_TIMESTAMP(), CURRENT_TIMESTAMP(), -7, -1);
insert into participations (id, created_at, updated_at, survey_id, user_id) values (-14, CURRENT_TIMESTAMP(), CURRENT_TIMESTAMP(), -7, -2);
insert into participations (id, created_at, updated_at, survey_id, user_id) values (-15, CURRENT_TIMESTAMP(), CURRENT_TIMESTAMP(), -8, -3);
insert into participations (id, created_at, updated_at, survey_id, user_id) values (-16, CURRENT_TIMESTAMP(), CURRENT_TIMESTAMP(), -8, -5);
insert into participations (id, created_at, updated_at, survey_id, user_id) values (-17, CURRENT_TIMESTAMP(), CURRENT_TIMESTAMP(), -9, -1);
insert into participations (id, created_at, updated_at, survey_id, user_id) values (-18, CURRENT_TIMESTAMP(), CURRENT_TIMESTAMP(), -9, -2);
insert into participations (id, created_at, updated_at, survey_id, user_id) values (-19, CURRENT_TIMESTAMP(), CURRENT_TIMESTAMP(), -10, -3);
insert into participations (id, created_at, updated_at, survey_id, user_id) values (-20, CURRENT_TIMESTAMP(), CURRENT_TIMESTAMP(), -10, -4);

insert into participations_options (participation_id, options_id) values (-1, -1);
insert into participations_options (participation_id, options_id) values (-1, -2);
insert into participations_options (participation_id, options_id) values (-1, -3);
insert into participations_options (participation_id, options_id) values (-2, -2);
insert into participations_options (participation_id, options_id) values (-2, -3);
insert into participations_options (participation_id, options_id) values (-2, -4);
insert into participations_options (participation_id, options_id) values (-3, -6);
insert into participations_options (participation_id, options_id) values (-3, -7);
insert into participations_options (participation_id, options_id) values (-3, -8);
insert into participations_options (participation_id, options_id) values (-4, -8);
insert into participations_options (participation_id, options_id) values (-4, -9);
insert into participations_options (participation_id, options_id) values (-5, -11);
insert into participations_options (participation_id, options_id) values (-5, -12);
insert into participations_options (participation_id, options_id) values (-6, -13);
insert into participations_options (participation_id, options_id) values (-6, -14);
insert into participations_options (participation_id, options_id) values (-6, -15);
insert into participations_options (participation_id, options_id) values (-7, -17);
insert into participations_options (participation_id, options_id) values (-7, -19);
insert into participations_options (participation_id, options_id) values (-8, -16);
insert into participations_options (participation_id, options_id) values (-8, -19);
insert into participations_options (participation_id, options_id) values (-9, -21);
insert into participations_options (participation_id, options_id) values (-9, -22);
insert into participations_options (participation_id, options_id) values (-10, -24);
insert into participations_options (participation_id, options_id) values (-10, -23);
insert into participations_options (participation_id, options_id) values (-11, -26);
insert into participations_options (participation_id, options_id) values (-11, -29);
insert into participations_options (participation_id, options_id) values (-12, -27);
insert into participations_options (participation_id, options_id) values (-12, -28);
insert into participations_options (participation_id, options_id) values (-13, -30);
insert into participations_options (participation_id, options_id) values (-13, -33);
insert into participations_options (participation_id, options_id) values (-14, -31);
insert into participations_options (participation_id, options_id) values (-14, -34);
insert into participations_options (participation_id, options_id) values (-15, -32);
insert into participations_options (participation_id, options_id) values (-15, -33);
insert into participations_options (participation_id, options_id) values (-16, -35);
insert into participations_options (participation_id, options_id) values (-16, -36);
insert into participations_options (participation_id, options_id) values (-17, -36);
insert into participations_options (participation_id, options_id) values (-17, -39);
insert into participations_options (participation_id, options_id) values (-18, -41);
insert into participations_options (participation_id, options_id) values (-19, -42);
insert into participations_options (participation_id, options_id) values (-19, -44);
insert into participations_options (participation_id, options_id) values (-20, -47);
insert into participations_options (participation_id, options_id) values (-20, -50);