insert into app_user (ACCOUNT_NON_EXPIRED,ACCOUNT_NON_LOCKED,CREDENTIALS_NON_EXPIRED,ENABLED,first_name,last_name,password,username,id) values (true,true,true,true,'Admin','Admin','{bcrypt}$2a$10$7TDfja.Wlhyd1/mYnPm.xeL5ofAmCZF4YZ7T7FqerFBb/KA1l3Uym','admin@admin.de', -1);
insert into app_user (ACCOUNT_NON_EXPIRED,ACCOUNT_NON_LOCKED,CREDENTIALS_NON_EXPIRED,ENABLED,first_name,last_name,password,username,id) values (true,true,true,true,'Robert','Admin','{bcrypt}$2a$10$7TDfja.Wlhyd1/mYnPm.xeL5ofAmCZF4YZ7T7FqerFBb/KA1l3Uym','robert@admin.de', -3);
insert into app_user (ACCOUNT_NON_EXPIRED,ACCOUNT_NON_LOCKED,CREDENTIALS_NON_EXPIRED,ENABLED,first_name,last_name,password,username,id) values (true,true,true,true,'Felix','Admin','{bcrypt}$2a$10$7TDfja.Wlhyd1/mYnPm.xeL5ofAmCZF4YZ7T7FqerFBb/KA1l3Uym','felix@admin.de', -5);
insert into survey (creation_date,description,event_id,initiator_id,survey_status,title,id) values (CURRENT_DATE ,'Test Survey Description',NULL,-1,'OPEN','Test Survey Title',-2);
insert into survey (creation_date,description,event_id,initiator_id,survey_status,title,id) values (CURRENT_DATE ,'Test Survey 2 Description',NULL,-3,'OPEN','Test Survey 2 Title',-4);
insert into survey (creation_date,description,event_id,initiator_id,survey_status,title,id) values (CURRENT_DATE ,'Test Survey 2 Description',NULL,-1,'OPEN','Test Survey 3 Title',-6);
insert into survey (creation_date,description,event_id,initiator_id,survey_status,title,id) values (CURRENT_DATE ,'Test Survey 2 Private',NULL,-1,'PRIVATE','Test Survey 4 Title',-16);
insert into survey (creation_date,description,event_id,initiator_id,survey_status,title,id) values (CURRENT_DATE ,'Test Survey Description',NULL,-1,'OPEN','Test Survey 5 Title',-17);
insert into survey (creation_date,description,event_id,initiator_id,survey_status,title,id) values (CURRENT_DATE ,'Test Survey 2 Description',NULL,-3,'CLOSED','Test Survey 6 Title',-18);
insert into survey (creation_date,description,event_id,initiator_id,survey_status,title,id) values (CURRENT_DATE ,'Test Survey 2 Description',NULL,-3,'PRIVATE','Test Survey 7 Title',-19);
insert into survey (creation_date,description,event_id,initiator_id,survey_status,title,id) values (CURRENT_DATE ,'Test Survey 2 Private',NULL,-3,'PRIVATE','Test Survey 8 Title',-20);
insert into option (survey_id, date_time, id) values (-2,CURRENT_TIMESTAMP()+6,-8);
insert into option (survey_id, date_time, id) values (-2,CURRENT_TIMESTAMP()+7,-9);
insert into option (survey_id, date_time, id) values (-4,CURRENT_TIMESTAMP()+6,-10);
insert into option (survey_id, date_time, id) values (-4,CURRENT_TIMESTAMP()+6,-11);
insert into option (survey_id, date_time, id) values (-4,CURRENT_TIMESTAMP()+6,-12);
insert into participation (survey_id, user_id, id) values (-2,-1,-13);
insert into participation (survey_id, user_id, id) values (-2,-3,-14);
insert into participation (survey_id, user_id, id) values (-4,-3,-15);
insert into notification (creation_date,notification_type,survey_id,user_id,id) values (CURRENT_DATE,'SURVEY_CHANGE',-2,-1,-21);
insert into notification (creation_date,notification_type,survey_id,user_id,id) values (CURRENT_DATE,'EVENT_PLANNED',-18,-3,-22);
insert into notification (creation_date,notification_type,survey_id,user_id,id) values (CURRENT_DATE,'NEW_SURVEY',-17,-1,-23);